{"market_and_exchange_names":"GOLD - COMMODITY EXCHANGE INC.","group":"Non-Commercial","latest_long_pct":83.1011885871,"latest_short_pct":16.8988114129,"previous_long_pct":83.4186590255,"previous_short_pct":16.5813409745,"latest_net_pct":66.2023771741,"previous_net_pct":66.8373180509,"change_in_net_pct":-0.6349408768}
{"market_and_exchange_names":"GOLD - COMMODITY EXCHANGE INC.","group":"Commercial","latest_long_pct":14.4895678174,"latest_short_pct":85.5104321826,"previous_long_pct":15.4684856223,"previous_short_pct":84.5315143777,"latest_net_pct":-71.0208643652,"previous_net_pct":-69.0630287555,"change_in_net_pct":-1.9578356098}
{"market_and_exchange_names":"GOLD - COMMODITY EXCHANGE INC.","group":"Retail","latest_long_pct":67.8259999249,"latest_short_pct":32.1740000751,"previous_long_pct":67.5397292525,"previous_short_pct":32.4602707475,"latest_net_pct":35.6519998499,"previous_net_pct":35.079458505,"change_in_net_pct":0.5725413449}
